{"cameraMode":{"drawMode":0,"name":"Shaded","section":"Shading Mode"},"sceneLighting":false,"audioPlay":false,"sceneViewState":{"showFog":true,"showMaterialUpdate":false,"showSkybox":false,"showFlares":true,"showImageEffects":true,"showParticleSystems":true},"in2DMode":false,"pivot":{"x":0.1123606413602829,"y":66.41167449951172,"z":-187.57115173339845},"rotation":{"x":-0.04642849043011665,"y":0.7402545213699341,"z":-0.051387205719947818,"w":-0.6687565445899963},"size":0.45106828212738039,"orthographic":false}